{
    "rmse": 0.705130132551678,
    "mae": 0.553254886239937,
    "r2": 0.22429345320434202
}